time,seconds_elapsed,relativeAltitude,pressure
1790521809146087000,-0.5029130859375,0,1014.7154998779297
1790521810176504800,0.5275048828125,-0.005284309387207031,1014.7161102294922
1790521811178473000,1.529472900390625,0,1014.7154998779297
1790521812218985000,2.56998486328125,0.1743936538696289,1014.6943664550781
1790521813259542000,3.6105419921875,0.49675655364990234,1014.6559143066406
1790521813438114800,3.78911474609375,0.6764345169067383,1014.6343994140625
1790521814478622000,4.8296220703125,0.8191194534301758,1014.6170043945312
1790521815519174000,5.870173828125,0.8561115264892578,1014.6125793457031
1790521816559709000,6.910708984375,0.9089584350585938,1014.6058654785156
1790521817600272000,7.95127197265625,0.9089584350585938,1014.6058654785156
1790521818640842000,8.991842041015625,0.7874116897583008,1014.6205139160156
1790521819681399800,10.03239990234375,0.6922883987426758,1014.6319580078125
1790521820721928000,11.072927978515626,0.6711492538452148,1014.6346282958984
1790521821762456800,12.113456787109374,0.6711492538452148,1014.6346282958984
1790521822803026000,13.15402587890625,0.7557039260864258,1014.6246337890625
1790521823843595000,14.194594970703125,0.9512357711791992,1014.6012878417969
1790521824884123000,15.235122802734375,1.0674972534179688,1014.5870971679688
1790521825924667000,16.2756669921875,1.1361980438232422,1014.5789337158203
1790521826965206000,17.3162060546875,1.2577447891235352,1014.5640563964844
1790521828005760000,18.356760009765626,1.3053064346313477,1014.5584869384766
1790521829046310000,19.397309814453124,1.3053064346313477,1014.5584869384766
1790521830086881800,20.4378818359375,1.2471752166748047,1014.5656585693359
1790521831127425800,21.47842578125,1.1996135711669922,1014.5711517333984
1790521832167975000,22.518974853515626,1.0727825164794922,1014.586181640625
1790521833208534000,23.559533935546874,0.9776582717895508,1014.5979309082031
1790521834249137000,24.600136962890623,0.9036741256713867,1014.6065521240234
1790521835289714000,25.6407138671875,0.8613967895507812,1014.6118927001953
1790521836330220000,26.681219970703125,0.7662734985351562,1014.6235656738281
1790521837370723000,27.72172314453125,0.7187108993530273,1014.6290588378906
1790521838411247000,28.7622470703125,0.6764345169067383,1014.6343231201172
1790521839451790800,29.802790771484375,0.6500110626220703,1014.6375274658203
1790521840492322000,30.843322021484376,0.5813102722167969,1014.6456909179688
1790521841532899800,31.88389990234375,0.5178947448730469,1014.6529388427734
1790521842573432000,32.92443212890625,0.5020408630371094,1014.6553039550781
1790521843614011000,33.965010986328124,0.3804941177368164,1014.6694946289062
1790521844654580700,35.005580810546874,0.1426858901977539,1014.6984100341797
1790521845695137000,36.04613696289063,-0.010568618774414062,1014.7168731689453
1790521846735747800,37.08674780273437,-0.095123291015625,1014.7270965576172
1790521847776350000,38.127349853515625,-0.21667003631591797,1014.7413635253906
1790521848816916000,39.167916015625,-0.31707763671875,1014.7532653808594
1790521849857513000,40.20851293945312,-0.32764720916748047,1014.7547149658203
1790521850898080800,41.24908081054687,-0.43334007263183594,1014.7674560546875
1790521851938647000,42.28964697265625,-0.6183023452758789,1014.7898864746094
1790521852979225900,43.33022583007813,-0.7609882354736328,1014.8069000244141
1790521854019796700,44.370796630859374,-0.9618043899536133,1014.8310852050781
1790521855060375800,45.411375732421874,-1.2788820266723633,1014.8690795898438
1790521856100957000,46.45195703125,-1.5325450897216797,1014.8995971679688
1790521857141563000,47.49256298828125,-1.7914924621582031,1014.9311065673828
1790521858182189000,48.53318896484375,-2.1349945068359375,1014.9723815917969
1790521859222814700,49.573814697265625,-2.4996337890625,1015.015869140625
1790521860263431000,50.614430908203126,-2.864274024963379,1015.0603485107422
1790521861304047900,51.6550478515625,-3.197206497192383,1015.1004028320312
1790521862344659000,52.695658935546874,-3.4561538696289062,1015.1309967041016
1790521863385290800,53.73629077148438,-3.8102245330810547,1015.1736450195312
1790521864425899000,54.77689892578125,-4.1590118408203125,1015.2156829833984
1790521865466525000,55.81752490234375,-4.396820068359375,1015.2443695068359
1790521866507138000,56.85813793945312,-4.750890731811523,1015.286865234375
1790521867547745000,57.8987451171875,-5.115530014038086,1015.330810546875
1790521868588348000,58.93934790039062,-5.490739822387695,1015.3757476806641
1790521869628937000,59.97993701171875,-5.881803512573242,1015.4233551025391
1790521870669538000,61.0205380859375,-6.378559112548828,1015.4827117919922
1790521871710167800,62.061167724609376,-6.859462738037109,1015.5409240722656
1790521872750727000,63.10172680664063,-7.472480773925781,1015.6143188476562
1790521873791312000,64.14231176757812,-8.048505783081055,1015.6840515136719
1790521874831908900,65.18290893554688,-8.677377700805664,1015.7594299316406
1790521875872491800,66.22349169921876,-9.311534881591797,1015.8361053466797
1790521876913059800,67.26405981445312,-9.987968444824219,1015.9173583984375
1790521877953704000,68.30470385742187,-10.680255889892578,1016.0009002685547
1790521878994291000,69.345291015625,-11.388397216796875,1016.0856628417969
1790521880034873000,70.385873046875,-12.038408279418945,1016.1643981933594
1790521881075481900,71.42648193359375,-12.677850723266602,1016.2411499023438
1790521882116059000,72.46705883789062,-13.290868759155273,1016.3153076171875
1790521883156658000,73.50765795898438,-13.845754623413086,1016.3821411132812
1790521884197294000,74.54829418945313,-14.421781539916992,1016.4513397216797
1790521885237910000,75.58890991210937,-14.987237930297852,1016.5193176269531
1790521886278560000,76.62956005859375,-15.589685440063477,1016.5916442871094
1790521887319178800,77.6701787109375,-16.134004592895508,1016.6574859619141
1790521888359831800,78.71083178710937,-16.62547492980957,1016.7168426513672
1790521889400444000,79.75144384765625,-17.048246383666992,1016.7676544189453
1790521890441065000,80.79206494140625,-17.54500389099121,1016.8276214599609
1790521891481654000,81.83265405273437,-18.0047664642334,1016.8829345703125
1790521892522253000,82.87325317382812,-18.432823181152344,1016.9344329833984
1790521893562844000,83.91384399414062,-18.839738845825195,1016.9833374023438
1790521894603465000,84.95446484375,-19.20438003540039,1017.027587890625
1790521895644089000,85.99508911132813,-19.421049118041992,1017.0533752441406
1790521896684685000,87.03568505859376,-19.510889053344727,1017.0643615722656
1790521897725332000,88.07633203125,-19.510889053344727,1017.0643615722656
1790521898765941000,89.11694091796875,-19.463327407836914,1017.0584869384766
1790521899806558000,90.15755786132813,-19.384057998657227,1017.0487976074219
1790521900847199000,91.19819897460937,-19.251941680908203,1017.0329284667969
1790521901887832800,92.23883276367188,-19.172672271728516,1017.0238494873047
1790521902928437000,93.27943701171876,-19.11982536315918,1017.0172119140625
1790521903969062000,94.32006176757812,-19.07754898071289,1017.0117950439453
1790521905009683000,95.36068286132813,-19.040555953979492,1017.0079040527344
1790521906050283000,96.40128295898438,-19.040555953979492,1017.0073699951172
1790521907090919000,97.4419189453125,-19.01413345336914,1017.0044708251953
1790521908131531000,98.48253100585937,-18.97185516357422,1016.9990539550781
1790521909172127000,99.523126953125,-18.913724899291992,1016.9923400878906
1790521910212711000,100.5637109375,-18.855592727661133,1016.9850158691406
1790521911253357800,101.60435791015625,-18.797462463378906,1016.9779968261719
1790521912293983000,102.64498291015624,-18.73933219909668,1016.9713592529297
1790521913334566000,103.68556591796874,-18.691770553588867,1016.9657897949219
1790521914375180000,104.72617993164063,-18.65477752685547,1016.9609069824219
1790521915415799800,105.7667998046875,-18.633638381958008,1016.9586181640625
1790521916456405800,106.80740576171875,-18.612499237060547,1016.9561004638672
1790521917496996900,107.84799682617188,-18.59136199951172,1016.9535827636719
1790521918537609700,108.88860961914062,-18.570222854614258,1016.9512176513672
1790521919578214000,109.9292138671875,-18.53322982788086,1016.9464111328125
1790521920618806800,110.96980688476563,-18.46981430053711,1016.9389343261719
1790521921659406800,112.01040673828125,-18.36412239074707,1016.9258880615234
1790521922699967700,113.0509677734375,-18.247859954833984,1016.9117736816406
1790521923740551000,114.09155102539063,-18.1315975189209,1016.8981170654297
1790521924781128000,115.1321279296875,-18.036474227905273,1016.8862915039062
1790521925821726000,116.17272583007812,-17.936065673828125,1016.8746948242188
1790521926862342000,117.213341796875,-17.90435791015625,1016.8704986572266
1790521927902959900,118.2539599609375,-17.89907455444336,1016.8702697753906
1790521928943552000,119.29455200195312,-17.89907455444336,1016.8698883056641
1790521929984153000,120.33515307617188,-17.883220672607422,1016.8680572509766
1790521931024809700,121.37580981445312,-17.883220672607422,1016.8680572509766
1790521932065441800,122.41644189453125,-17.914928436279297,1016.8721771240234
1790521933106069800,123.45706982421875,-17.96249008178711,1016.8778228759766
1790521934146713900,124.4977138671875,-17.98891258239746,1016.8808746337891
1790521935187362000,125.53836206054687,-18.041759490966797,1016.8873596191406
1790521936228032800,126.57903271484375,-18.126314163208008,1016.8977355957031
1790521937268723000,127.61972290039063,-18.168590545654297,1016.9023132324219
1790521938309284900,128.66028491210938,-18.184444427490234,1016.904296875
1790521939349946000,129.70094604492186,-18.274282455444336,1016.9150543212891
1790521940390592800,130.7415927734375,-18.374691009521484,1016.9272613525391
1790521941431230000,131.78222998046874,-18.438106536865234,1016.9353485107422
1790521942471864800,132.82286474609376,-18.559654235839844,1016.9493865966797
1790521943512540000,133.86353979492188,-18.71819305419922,1016.9684600830078
1790521944553224000,134.90422387695313,-18.80803108215332,1016.9795989990234
1790521945593891800,135.94489184570313,-18.89258575439453,1016.9894409179688
1790521946634601000,136.98560107421875,-18.961286544799805,1016.9979095458984
1790521947675292000,138.0262919921875,-18.966571807861328,1016.9988250732422
1790521948715961900,139.0669619140625,-18.966571807861328,1016.9988250732422
1790521949756615000,140.10761499023437,-18.95600128173828,1016.9976806640625
1790521950797284900,141.14828491210938,-18.95600128173828,1016.9976806640625
1790521951837941000,142.18894091796875,-18.961286544799805,1016.9981384277344
1790521952878590700,143.2295908203125,-18.97185516357422,1016.9994354248047
1790521953919263000,144.27026293945312,-18.977140426635742,1016.9998168945312
1790521954959939000,145.31093896484376,-18.977140426635742,1016.9998168945312
1790521956000547800,146.3515478515625,-18.924293518066406,1016.9935607910156
1790521957041108000,147.39210791015626,-18.86616325378418,1016.9864654541016
1790521958081738000,148.43273803710937,-18.84502410888672,1016.9838714599609
1790521959122416000,149.473416015625,-18.839738845825195,1016.9831085205078
1790521960163076900,150.51407690429687,-18.839738845825195,1016.9831085205078
1790521961203713800,151.5547138671875,-18.855592727661133,1016.9852447509766
1790521962244376800,152.595376953125,-18.913724899291992,1016.9921112060547
1790521963285075000,153.63607495117188,-18.919010162353516,1016.9928741455078
1790521964325763000,154.67676318359375,-18.924293518066406,1016.9938659667969
1790521965366468900,155.71746875,-18.919010162353516,1016.9928741455078
1790521966407121000,156.75812084960938,-18.919010162353516,1016.9927215576172
1790521967447785700,157.79878564453125,-18.919010162353516,1016.9927215576172
1790521968488484900,158.83948486328126,-18.92957878112793,1016.9943237304688
1790521969529150000,159.88014990234376,-18.940147399902344,1016.9953155517578
1790521970569800000,160.9208000488281,-18.940147399902344,1016.9953155517578
1790521971610456000,161.9614560546875,-18.945432662963867,1016.995849609375
1790521972651149000,163.00214916992186,-18.92957878112793,1016.9943237304688
1790521973691861000,164.04286108398438,-18.945432662963867,1016.995849609375
1790521974732555000,165.08355493164063,-18.961286544799805,1016.9980621337891
1790521975773245000,166.12424487304688,-18.99299430847168,1017.0018005371094
1790521976813970700,167.164970703125,-19.045841217041016,1017.0083618164062
1790521977854672000,168.205671875,-19.05640983581543,1017.0096588134766
1790521978895400000,169.24639990234374,-19.08283233642578,1017.0127105712891
1790521979936117000,170.28711694335936,-19.09868621826172,1017.0148468017578
1790521980976846800,171.32784692382813,-19.151533126831055,1017.0206451416016
1790521982017540000,172.3685400390625,-19.177955627441406,1017.0243835449219
1790521983058251000,173.4092509765625,-19.24137306213379,1017.0317077636719
1790521984098976800,174.44997680664062,-19.362918853759766,1017.0462036132812
1790521985139638800,175.490638671875,-19.43161964416504,1017.0549774169922
1790521986180363000,176.53136303710937,-19.489749908447266,1017.0619964599609
1790521987221102800,177.57210278320312,-19.58487319946289,1017.0731353759766
1790521988261802000,178.61280200195313,-19.637720108032227,1017.0798492431641
1790521989302490000,179.65348999023436,-19.674713134765625,1017.0842742919922
1790521990343194000,180.69419409179687,-19.71170425415039,1017.0886993408203
1790521991383857000,181.73485693359376,-19.738128662109375,1017.0915222167969
1790521992424488000,182.77548803710937,-19.785690307617188,1017.0975494384766
1790521993465065000,183.81606494140624,-19.8702449798584,1017.1076965332031
1790521994505659000,184.85665893554688,-19.93894386291504,1017.1156311035156
1790521995546273000,185.89727294921875,-20.00235939025879,1017.1231842041016
1790521996586925000,186.93792504882813,-20.097482681274414,1017.1347045898438
1790521997627633000,187.9786328125,-20.18732261657715,1017.1455383300781
1790521998668366800,189.0193669433594,-20.261308670043945,1017.1547698974609
1790521999709048000,190.06004809570314,-20.35643196105957,1017.1662902832031
1790522000749766000,191.10076586914062,-20.48326301574707,1017.1816253662109
1790522001790480000,192.14147998046874,-20.583669662475586,1017.1936798095703
1790522002831213000,193.18221313476562,-20.66822624206543,1017.2038269042969
1790522003871900000,194.22289990234376,-20.79505729675293,1017.21923828125
1790522004912636000,195.26363598632813,-20.847902297973633,1017.2255706787109
1790522005953318000,196.30431787109376,-20.847902297973633,1017.2256469726562
1790522006994027000,197.34502709960938,-20.847902297973633,1017.2255706787109
1790522008034680800,198.3856809082031,-20.842618942260742,1017.2246551513672
1790522009075352000,199.42635205078125,-20.784486770629883,1017.2177124023438
1790522010116041000,200.467041015625,-20.752779006958008,1017.2137451171875
1790522011156781000,201.50778100585939,-20.726354598999023,1017.2104644775391
1790522012197461800,202.54846166992186,-20.715787887573242,1017.2093200683594
1790522013238188000,203.58918798828125,-20.715787887573242,1017.2093200683594
1790522014278884900,204.629884765625,-20.715787887573242,1017.2095489501953
1790522015319598000,205.67059814453125,-20.726354598999023,1017.2108459472656
1790522016360405000,206.71140502929688,-20.7580623626709,1017.2146606445312
1790522017401176800,207.7521767578125,-20.773916244506836,1017.2165679931641
1790522018441932000,208.79293212890624,-20.784486770629883,1017.2178649902344
1790522019482673000,209.8336728515625,-20.79505729675293,1017.2193145751953
1790522020523403800,210.87440380859374,-20.80562400817871,1017.2202301025391
1790522021564103000,211.91510302734375,-20.810911178588867,1017.2207641601562
1790522022604836900,212.9558369140625,-20.810911178588867,1017.2207641601562
1790522023645568800,213.99656884765625,-20.80562400817871,1017.2206115722656
1790522024686296800,215.037296875,-20.80562400817871,1017.2203826904297
1790522025726969000,216.07796899414063,-20.80034065246582,1017.2194671630859
1790522026767696000,217.11869580078124,-20.784486770629883,1017.2179412841797
1790522027808424000,218.159423828125,-20.768632888793945,1017.2156524658203
1790522028849169000,219.2001689453125,-20.7580623626709,1017.2144317626953
1790522029889865000,220.24086499023437,-20.74220848083496,1017.2126770019531
1790522030930539000,221.2815390625,-20.726354598999023,1017.2109222412109
1790522031971261000,222.32226098632813,-20.710500717163086,1017.2090911865234
1790522033012013800,223.36301391601563,-20.705217361450195,1017.2080993652344
1790522034052723000,224.40372290039062,-20.689363479614258,1017.2060394287109
1790522035093453000,225.444453125,-20.662939071655273,1017.2031402587891
1790522036134184000,226.48518383789062,-20.636518478393555,1017.19970703125
1790522037174945800,227.52594580078124,-20.594240188598633,1017.1950531005859
1790522038215691800,228.56669189453126,-20.578386306762695,1017.1931457519531
1790522039256405800,229.60740576171875,-20.55196189880371,1017.1900177001953
1790522040297096000,230.64809594726563,-20.520254135131836,1017.1859741210938
1790522041337793800,231.68879370117187,-20.48326301574707,1017.181396484375
1790522042378512000,232.72951196289063,-20.430418014526367,1017.1749877929688
1790522043419225000,233.77022509765624,-20.36171531677246,1017.1668243408203
1790522044459921000,234.8109208984375,-20.287729263305664,1017.1576690673828
1790522045500633000,235.85163305664062,-20.203176498413086,1017.1474456787109
1790522046541384000,236.89238403320311,-20.10276985168457,1017.1357727050781
1790522047582146800,237.93314672851562,-20.0499210357666,1017.1292877197266
1790522048622911000,238.97391088867187,-19.965368270874023,1017.1192169189453
1790522049663679000,240.01467895507812,-19.8702449798584,1017.1076965332031
1790522050704424000,241.055423828125,-19.74869728088379,1017.0926666259766
1790522051745181000,242.09618090820314,-19.616580963134766,1017.0768737792969
1790522052785921800,243.136921875,-19.452756881713867,1017.0573425292969
1790522053826637000,244.17763696289063,-19.336496353149414,1017.0432281494141
1790522054867364900,245.21836474609376,-19.24137306213379,1017.0318603515625
1790522055908142800,246.25914282226563,-19.177955627441406,1017.0243835449219
1790522056948854000,247.29985400390626,-19.14624786376953,1017.0204925537109
1790522057989574000,248.34057397460938,-19.14096450805664,1017.0196533203125
1790522059030354000,249.38135400390624,-19.08283233642578,1017.0124816894531
1790522060071151900,250.42215185546874,-18.998279571533203,1017.0025634765625
1790522061111928800,251.4629287109375,-18.919010162353516,1016.9932556152344
1790522062152723000,252.5037229003906,-18.855592727661133,1016.9853210449219
1790522063193478000,253.54447778320312,-18.834455490112305,1016.9828033447266
1790522064234231000,254.58523095703126,-18.80274772644043,1016.9791412353516
1790522065274978000,255.62597802734376,-18.76575469970703,1016.9747924804688
1790522066315759900,256.666759765625,-18.70233917236328,1016.966552734375
1790522067356476000,257.7074758300781,-18.612499237060547,1016.9561767578125
1790522068397218000,258.7482180175781,-18.438106536865234,1016.9350433349609
1790522069437970000,259.78896997070314,-18.221437454223633,1016.9088745117188
1790522070478751000,260.8297509765625,-17.946636199951172,1016.8760681152344
1790522071519564000,261.87056396484377,-17.640127182006836,1016.8390655517578
1790522072560359000,262.91135888671874,-17.323047637939453,1016.8009185791016
1790522073601153000,263.9521530761719,-16.984830856323242,1016.7599487304688
1790522074641920800,264.9929206542969,-16.673036575317383,1016.7221069335938
1790522075682695000,266.03369482421874,-16.377098083496094,1016.6866302490234
1790522076723481900,267.07448193359374,-16.107580184936523,1016.6544342041016
1790522077764244000,268.1152438964844,-15.822210311889648,1016.6196441650391
1790522078805065000,269.15606494140627,-15.584402084350586,1016.5914916992188
1790522079845835000,270.1968349609375,-15.309600830078125,1016.5583801269531
1790522080886644000,271.2376440429687,-15.071792602539062,1016.5293884277344
1790522081927443000,272.2784428710938,-14.849836349487305,1016.5029144287109
1790522082968262000,273.3192619628906,-14.675443649291992,1016.48193359375
1790522084009070800,274.3600708007813,-14.485197067260742,1016.4585876464844
1790522085049836000,275.4008359375,-14.326658248901367,1016.4393615722656
1790522086090589000,276.4415888671875,-14.183971405029297,1016.4222717285156
1790522087131348000,277.4823479003906,-14.030717849731445,1016.4041137695312
1790522088172073000,278.52307299804687,-13.951448440551758,1016.3946533203125
1790522089212836900,279.5638369140625,-13.866893768310547,1016.3845062255859
1790522090253631000,280.604630859375,-13.845754623413086,1016.3819122314453
1790522091294376000,281.6453759765625,-13.845754623413086,1016.3817596435547
1790522092335119000,282.686119140625,-13.835186004638672,1016.3808441162109
1790522093375917000,283.7269169921875,-13.782339096069336,1016.3740539550781
1790522094416673800,284.767673828125,-13.692501068115234,1016.3634490966797
1790522095457399800,285.80839990234375,-13.629085540771484,1016.3555145263672
1790522096498147000,286.84914697265623,-13.581523895263672,1016.3500213623047
1790522097538896000,287.88989575195313,-13.53396224975586,1016.3440704345703
1790522098579667700,288.93066772460935,-13.53396224975586,1016.3440704345703
1790522099620414000,289.9714140625,-13.523391723632812,1016.3428497314453
1790522100661163800,291.0121638183594,-13.528676986694336,1016.3437652587891
1790522101701905000,292.0529047851563,-13.523391723632812,1016.3431549072266
1790522102742703900,293.0937038574219,-13.528676986694336,1016.3437652587891
1790522103783528000,294.13452783203127,-13.523391723632812,1016.3431549072266
1790522104824298000,295.1752980957031,-13.523391723632812,1016.3429260253906
1790522105865090800,296.2160908203125,-13.523391723632812,1016.3429260253906
1790522106905910000,297.2569099121094,-13.528676986694336,1016.3438415527344
1790522107946678000,298.29767797851565,-13.53924560546875,1016.3447570800781
1790522108987433000,299.3384328613281,-13.544530868530273,1016.3455963134766
1790522110028201700,300.37920166015624,-13.639654159545898,1016.3566589355469
1790522111068987000,301.41998681640627,-13.750631332397461,1016.3703155517578
1790522112109824000,302.46082397460935,-13.856325149536133,1016.3829040527344
1790522113150674000,303.501673828125,-13.993724822998047,1016.3997650146484
1790522114191481900,304.54248193359376,-14.078279495239258,1016.4098358154297
1790522115232246800,305.5832468261719,-14.194541931152344,1016.4241027832031
1790522116273003800,306.6240036621094,-14.294950485229492,1016.4356231689453
1790522117313751000,307.6647509765625,-14.353080749511719,1016.4427185058594
1790522118354509800,308.705509765625,-14.390073776245117,1016.4474487304688
1790522119395293000,309.74629296875,-14.474626541137695,1016.4578247070312
1790522120436082000,310.78708203125,-14.522188186645508,1016.4631652832031
1790522121476902000,311.8279018554687,-14.553897857666016,1016.4672088623047
1790522122517688000,312.86868798828124,-14.553897857666016,1016.4672088623047
1790522123558507000,313.90950708007813,-14.37950325012207,1016.4460754394531
1790522124599292000,314.9502919921875,-14.247386932373047,1016.4305114746094
1790522125640138800,315.991138671875,-14.247386932373047,1016.4300537109375
1790522126681001000,317.0320009765625,-14.210395812988281,1016.4256286621094
1790522127721838000,318.0728381347656,-14.210395812988281,1016.4256286621094
1790522128762696000,319.1136960449219,-14.289665222167969,1016.4351654052734
1790522129803561000,320.15456103515623,-14.289665222167969,1016.4351654052734
1790522130844422000,321.195421875,-14.220964431762695,1016.4268493652344
1790522131885290000,322.2362900390625,-14.210395812988281,1016.42578125
1790522132926101000,323.27710107421876,-14.16811752319336,1016.4205932617188
1790522133966872800,324.31787280273437,-14.152263641357422,1016.4189147949219
1790522135007751000,325.3587509765625,-14.152263641357422,1016.4189147949219
1790522136048656000,326.39965576171875,-14.157548904418945,1016.4192962646484
1790522137089561900,327.4405617675781,-14.157548904418945,1016.4192962646484
1790522138130374000,328.48137377929686,-14.067710876464844,1016.4088439941406
1790522139171186000,329.52218603515627,-13.993724822998047,1016.3999176025391
1790522140212014800,330.5630148925781,-13.983156204223633,1016.3986206054688
1790522141252859000,331.60385888671874,-13.903886795043945,1016.3889312744141
1790522142293703000,332.64470288085937,-13.893316268920898,1016.3872528076172
1790522143334560800,333.68556079101563,-13.893316268920898,1016.3872528076172
1790522144375404800,334.72640478515626,-13.903886795043945,1016.3887786865234
1790522145416275000,335.76727490234373,-13.930309295654297,1016.3922882080078
1790522146457126000,336.8081259765625,-13.909170150756836,1016.3892364501953
1790522147497981000,337.84898095703124,-13.909170150756836,1016.3892364501953
1790522148538839800,338.88983984375,-13.845754623413086,1016.3817596435547
1790522149579680000,339.9306799316406,-13.819332122802734,1016.3788604736328
1790522150620517000,340.97151708984376,-13.792909622192383,1016.375732421875
1790522151661340000,342.01233984375,-13.734777450561523,1016.3681793212891
1790522152702171000,343.0531708984375,-13.692501068115234,1016.3630676269531
1790522153743022000,344.09402197265626,-13.676647186279297,1016.3613891601562
1790522154783893000,345.1348930664063,-13.6026611328125,1016.3528442382812
1790522155824761900,346.17576196289065,-13.507537841796875,1016.3412475585938
1790522156865655000,347.2166550292969,-13.391275405883789,1016.3270568847656
1790522157906545000,348.257544921875,-13.322576522827148,1016.3187408447266
1790522158947441000,349.2984409179688,-13.280298233032227,1016.3138580322266
1790522159988333800,350.3393337402344,-13.275014877319336,1016.3127899169922
1790522161029234000,351.38023388671877,-13.275014877319336,1016.3127899169922
1790522162070146800,352.4211467285156,-13.343713760375977,1016.3215637207031
1790522163110996000,353.46199584960937,-13.422983169555664,1016.3306427001953
1790522164151862000,354.5028620605469,-13.496969223022461,1016.3397216796875
1790522165192750000,355.54375,-13.592092514038086,1016.3510131835938
1790522166233569000,356.5845690917969,-13.618515014648438,1016.3541412353516
1790522167274412800,357.6254128417969,-13.634368896484375,1016.3561248779297
1790522168315265000,358.6662651367188,-13.650222778320312,1016.3581085205078
1790522169356094000,359.7070939941406,-13.692501068115234,1016.3636016845703
1790522170396942800,360.74794287109376,-13.761201858520508,1016.3718414306641
1790522171437834000,361.788833984375,-13.898601531982422,1016.3880920410156
1790522172478677000,362.82967700195314,-14.06242561340332,1016.4076232910156
1790522173519534800,363.87053491210935,-14.18925666809082,1016.4229583740234
1790522174560371000,364.9113708496094,-14.289665222167969,1016.4352416992188
1790522175601226800,365.9522268066406,-14.353080749511719,1016.4430236816406
1790522176642082800,366.99308276367185,-14.384788513183594,1016.4470672607422
1790522177682942000,368.03394189453127,-14.400642395019531,1016.4484405517578
1790522178723815000,369.07481494140626,-14.400642395019531,1016.4485168457031
1790522179764737800,370.11573779296873,-14.400642395019531,1016.4485168457031
1790522180805609000,371.15660888671874,-14.400642395019531,1016.4485168457031
1790522181846495000,372.1974948730469,-14.400642395019531,1016.4484405517578
1790522182887429000,373.23842919921873,-14.395357131958008,1016.4481353759766
1790522183928341000,374.27934106445315,-14.390073776245117,1016.4476776123047
1790522184969240000,375.32023999023437,-14.390073776245117,1016.4476776123047
1790522186010100700,376.3611008300781,-14.400642395019531,1016.4484405517578
1790522187050974700,377.401974609375,-14.400642395019531,1016.4488983154297
1790522188091845000,378.44284521484377,-14.405927658081055,1016.4491271972656
1790522189132746000,379.48374609375,-14.411211013793945,1016.4499664306641
1790522190173645000,380.52464501953125,-14.416496276855469,1016.4504241943359
1790522191214491000,381.56549096679686,-14.416496276855469,1016.4506530761719
1790522192255387000,382.6063869628906,-14.416496276855469,1016.4506530761719
1790522193296290000,383.6472900390625,-14.421781539916992,1016.4511108398438
1790522194337186800,384.68818676757815,-14.421781539916992,1016.4511108398438
1790522195378091800,385.729091796875,-14.421781539916992,1016.451416015625
1790522196419011800,386.77001171875,-14.427064895629883,1016.4516448974609
1790522197459957800,387.81095776367187,-14.427064895629883,1016.4521026611328
1790522198500890000,388.85189013671874,-14.43763542175293,1016.4528656005859
1790522199541869800,389.8928698730469,-14.44291877746582,1016.4533996582031
1790522200582829000,390.9338291015625,-14.453489303588867,1016.4549255371094
1790522201623771000,391.97477099609375,-14.464057922363281,1016.4563751220703
1790522202664745000,393.01574487304686,-14.474626541137695,1016.4574432373047
1790522203705732900,394.05673291015626,-14.485197067260742,1016.4588928222656
1790522204746733000,395.09773315429686,-14.50105094909668,1016.4605712890625
1790522205787702800,396.1387028808594,-14.511619567871094,1016.4617156982422
1790522206828655900,397.1796557617188,-14.522188186645508,1016.4634704589844
1790522207869616000,398.2206162109375,-14.532758712768555,1016.4646148681641
1790522208910573000,399.26157299804686,-14.543327331542969,1016.4656829833984
1790522209951521000,400.30252099609373,-14.548612594604492,1016.4666748046875
1790522210992511000,401.3435109863281,-14.553897857666016,1016.4672088623047
1790522212033489000,402.3844890136719,-14.553897857666016,1016.4672088623047
1790522213074425900,403.42542578125,-14.548612594604492,1016.4667510986328
1790522214115340000,404.4663400878906,-14.548612594604492,1016.4665985107422
1790522215156239000,405.5072390136719,-14.548612594604492,1016.4665985107422
1790522216197153800,406.5481538085937,-14.553897857666016,1016.4673614501953
1790522217238122000,407.5891220703125,-14.580320358276367,1016.4701080322266
1790522218279104000,408.63010400390624,-14.617313385009766,1016.4748382568359
1790522219320097000,409.67109692382815,-14.675443649291992,1016.4813995361328
1790522220361052200,410.7120522460938,-14.71243667602539,1016.4862060546875
1790522221402013000,411.75301293945313,-14.71243667602539,1016.4862060546875
1790522222443019800,412.7940197753906,-14.701866149902344,1016.4849853515625
1790522223483989000,413.8349890136719,-14.680728912353516,1016.4825439453125
1790522224525002000,414.876001953125,-14.680728912353516,1016.4825439453125
1790522225566013000,415.9170129394531,-14.728290557861328,1016.4878082275391
1790522226607006000,416.958005859375,-14.828699111938477,1016.4999389648438
1790522227648016000,417.99901586914064,-14.960813522338867,1016.51611328125
1790522228688980700,419.0399807128906,-15.082361221313477,1016.5308380126953
1790522229729976800,420.08097680664065,-15.198623657226562,1016.5447998046875
1790522230770968000,421.1219680175781,-15.304315567016602,1016.5576934814453
1790522231811926000,422.1629260253906,-15.373016357421875,1016.5659332275391
1790522232852877800,423.2038779296875,-15.462854385375977,1016.5763854980469
1790522233893848800,424.24484887695314,-15.584402084350586,1016.5913391113281
1790522234934851800,425.2858518066406,-15.695379257202148,1016.6043853759766
1790522235975835000,426.3268349609375,-15.790502548217773,1016.6162872314453
1790522237016791800,427.3677917480469,-15.864486694335938,1016.6250610351562
1790522238057750000,428.40875,-15.954326629638672,1016.6355133056641
1790522239098711000,429.4497109375,-15.99131965637207,1016.6405487060547
1790522240139670000,430.490669921875,-16.05473518371582,1016.6477203369141
1790522241180678000,431.53167797851563,-16.091726303100586,1016.6522216796875
1790522242221630700,432.5726306152344,-16.16042709350586,1016.6606140136719
1790522243262591700,433.613591796875,-16.207988739013672,1016.6663360595703
1790522244303551000,434.6545510253906,-16.28725814819336,1016.6757202148438
1790522245344508000,435.6955078125,-16.318965911865234,1016.6796875
1790522246385490000,436.73648999023436,-16.318965911865234,1016.6796875
1790522247426452000,437.77745190429687,-16.271404266357422,1016.6737365722656
1790522248467473200,438.81847314453125,-16.207988739013672,1016.6661071777344
1790522249508454000,439.8594538574219,-16.12343406677246,1016.6559600830078
1790522250549394000,440.90039379882813,-16.081157684326172,1016.6513061523438
1790522251590293000,441.94129296875,-16.05473518371582,1016.6481781005859
1790522252631241000,442.9822409667969,-16.05473518371582,1016.6481781005859
1790522253672151800,444.02315185546877,-16.091726303100586,1016.6523742675781
1790522254713001000,445.0640009765625,-16.12343406677246,1016.6564178466797
1790522255753863000,446.10486279296873,-16.1392879486084,1016.6578674316406
1790522256794758000,447.1457578125,-16.16042709350586,1016.6603851318359
1790522257835618000,448.1866181640625,-16.21855926513672,1016.6677093505859
1790522258876498000,449.2274978027344,-16.21855926513672,1016.6677093505859
1790522259917395000,450.2683950195312,-16.186851501464844,1016.663818359375
1790522260958364000,451.3093640136719,-16.12343406677246,1016.6560363769531
1790522261999317800,452.35031787109375,-16.081157684326172,1016.6509246826172
1790522263040297000,453.391296875,-15.99131965637207,1016.6403198242188
1790522264081287000,454.4322868652344,-15.949041366577148,1016.6348266601562
1790522265122287000,455.473287109375,-15.949041366577148,1016.6348266601562
1790522266163304000,456.5143039550781,-15.97018051147461,1016.6377258300781
1790522267204361000,457.55536083984373,-15.996603012084961,1016.6407775878906
1790522268245371000,458.5963708496094,-15.996603012084961,1016.6410064697266
1790522269286360000,459.6373601074219,-15.996603012084961,1016.6410064697266
1790522270327342000,460.67834204101564,-15.986034393310547,1016.6397094726562
1790522271368328000,461.7193278808594,-15.90676498413086,1016.6301727294922
1790522272409300000,462.7603000488281,-15.822210311889648,1016.6201019287109
1790522273450275000,463.8012751464844,-15.748226165771484,1016.6107940673828
1790522274491310800,464.8423107910156,-15.674240112304688,1016.6020202636719
1790522275532294100,465.8832941894531,-15.610824584960938,1016.5943908691406
1790522276573303000,466.92430297851564,-15.579116821289062,1016.5906524658203
1790522277614296800,467.965296875,-15.579116821289062,1016.5906524658203
1790522278655267000,469.00626708984373,-15.616109848022461,1016.5952301025391
1790522279696223000,470.04722290039064,-15.679525375366211,1016.6027069091797
1790522280737223000,471.08822290039063,-15.753509521484375,1016.6115570068359
1790522281778209000,472.129208984375,-15.8486328125,1016.6228485107422
1790522282819227000,473.17022680664064,-15.92790412902832,1016.6328430175781
1790522283860191000,474.21119091796874,-15.959611892700195,1016.6363525390625
1790522284901139000,475.2521389160156,-16.007173538208008,1016.6419982910156
1790522285942098000,476.29309790039065,-16.023027420043945,1016.6441345214844
1790522286983095000,477.3340949707031,-16.07587242126465,1016.6502380371094
1790522288024072000,478.37507202148436,-16.128719329833984,1016.6568756103516
1790522289065056800,479.4160568847656,-16.207988739013672,1016.6666412353516
1790522290106103800,480.45710375976563,-16.28197479248047,1016.6756439208984
1790522291147140900,481.4981408691406,-16.377098083496094,1016.6864776611328
1790522292188153900,482.53915380859377,-16.451082229614258,1016.6958618164062
1790522293229200000,483.5801999511719,-16.525068283081055,1016.7044067382812
1790522294270216000,484.6212158203125,-16.593767166137695,1016.7127990722656
1790522295311271000,485.66227099609375,-16.68360710144043,1016.7234039306641
1790522296352270800,486.70327075195314,-16.752307891845703,1016.7316436767578
1790522297393330000,487.74432983398435,-16.81043815612793,1016.7385864257812
1790522298434391000,488.78539111328126,-16.868568420410156,1016.7460632324219
1790522299475373000,489.826373046875,-16.953123092651367,1016.7562866210938
1790522300516394800,490.8673947753906,-17.00068473815918,1016.7615509033203
1790522301557383000,491.9083828125,-17.079954147338867,1016.7711639404297
1790522302598393900,492.9493937988281,-17.180362701416016,1016.7832183837891
1790522303639398000,493.99039794921873,-17.280771255493164,1016.795654296875
1790522304680406800,495.03140673828125,-17.381179809570312,1016.8075561523438
1790522305721405000,496.0724050292969,-17.407602310180664,1016.8106842041016
1790522306762374000,497.11337377929686,-17.407602310180664,1016.8106842041016
1790522307803385900,498.1543857421875,-17.370609283447266,1016.8064880371094
1790522308844391000,499.1953908691406,-17.317764282226562,1016.8003845214844
1790522309885412900,500.2364128417969,-17.25434684753418,1016.7924499511719
1790522310926443800,501.27744384765623,-17.238492965698242,1016.7906188964844
1790522311967476700,502.3184768066406,-17.238492965698242,1016.7906188964844
1790522313008535800,503.35953588867187,-17.259632110595703,1016.7930603027344
1790522314049577000,504.4005769042969,-17.280771255493164,1016.7955017089844
1790522315090585000,505.4415852050781,-17.307193756103516,1016.7987060546875
1790522316131636700,506.48263671875,-17.3336181640625,1016.8018341064453
1790522317172690000,507.52368994140625,-17.36004066467285,1016.8047332763672
1790522318213702000,508.5647019042969,-17.37589454650879,1016.8068695068359
1790522319254721800,509.6057216796875,-17.37589454650879,1016.8071746826172
1790522320295796000,510.6467958984375,-17.386463165283203,1016.8085479736328
1790522321336798000,511.6877978515625,-17.386463165283203,1016.8085479736328
1790522322377822000,512.7288220214843,-17.386463165283203,1016.8080902099609
1790522323418880000,513.7698798828125,-17.381179809570312,1016.8077087402344
1790522324459946800,514.8109467773437,-17.37589454650879,1016.8070220947266
1790522325500987000,515.8519868164062,-17.354755401611328,1016.8045806884766
1790522326542019800,516.8930197753906,-17.323047637939453,1016.8006134033203
1790522327583061000,517.9340610351562,-17.2966251373291,1016.7974090576172
1790522328624124000,518.9751240234375,-17.264917373657227,1016.7934417724609
1790522329665216000,520.0162160644531,-17.243778228759766,1016.7912292480469
1790522330706306000,521.0573061523437,-17.222639083862305,1016.7886352539062
1790522331747355000,522.0983549804688,-17.222639083862305,1016.7886352539062
1790522332788353000,523.1393530273438,-17.21207046508789,1016.7874145507812
1790522333829372000,524.1803718261718,-17.201501846313477,1016.7860412597656
1790522334870414800,525.2214147949219,-17.18564796447754,1016.7844390869141
1790522335911445000,526.2624450683594,-17.159223556518555,1016.7808532714844
1790522336952493800,527.3034938964844,-17.116947174072266,1016.7755889892578
1790522337993579000,528.3445791015625,-17.06410026550293,1016.7694091796875
1790522339034663000,529.3856628417968,-17.005970001220703,1016.7623138427734
1790522340075734000,530.4267341308594,-16.947837829589844,1016.7556762695312
1790522341116761900,531.4677619628907,-16.868568420410156,1016.74560546875
1790522342157781000,532.5087810058594,-16.784015655517578,1016.73583984375
1790522343198817000,533.5498171386719,-16.673036575317383,1016.7221832275391
1790522344239861000,534.5908610839844,-16.593767166137695,1016.7130279541016
1790522345280876000,535.6318759765625,-16.503929138183594,1016.7021942138672
1790522346321854000,536.6728540039062,-16.477506637573242,1016.6988372802734
1790522347362867700,537.7138676757812,-16.477506637573242,1016.6988372802734
1790522348403887000,538.7548872070313,-16.514497756958008,1016.7031860351562
1790522349444927000,539.7959270019531,-16.577913284301758,1016.7111968994141
1790522350486006000,540.8370061035156,-16.609621047973633,1016.7147064208984
1790522351527021000,541.8780209960937,-16.636045455932617,1016.7179870605469
1790522352568073000,542.9190729980469,-16.636045455932617,1016.7179870605469
1790522353609077000,543.9600769042969,-16.577913284301758,1016.7107391357422
1790522354650109000,545.0011088867187,-16.488075256347656,1016.7002868652344
1790522355691129900,546.0421298828124,-16.382381439208984,1016.6871643066406
1790522356732180000,547.0831799316406,-16.260835647583008,1016.6726684570312
1790522357773219800,548.1242197265625,-16.16042709350586,1016.6607666015625
1790522358814244000,549.165244140625,-16.081157684326172,1016.6511535644531
1790522359855291000,550.2062907714844,-16.007173538208008,1016.6423034667969
1790522360896307000,551.2473068847656,-15.980749130249023,1016.6386413574219
1790522361937356000,552.2883559570313,-15.954326629638672,1016.6355133056641
1790522362978415000,553.3294150390625,-15.90676498413086,1016.6301727294922
1790522364019483000,554.3704829101563,-15.864486694335938,1016.6252136230469
1790522365060593000,555.4115930175781,-15.84334945678711,1016.6221618652344
1790522366101672000,556.452671875,-15.795787811279297,1016.6164398193359
1790522367142726000,557.4937258300781,-15.737655639648438,1016.6094207763672
1790522368183765000,558.5347648925781,-15.737655639648438,1016.6094207763672
1790522369224843000,559.5758430175781,-15.742940902709961,1016.6101837158203
1790522370265884000,560.6168837890625,-15.753509521484375,1016.6114807128906
1790522371306948900,561.6579489746093,-15.77993392944336,1016.6147613525391
1790522372348024800,562.6990249023437,-15.827495574951172,1016.6203308105469
1790522373389112800,563.7401127929687,-15.901479721069336,1016.6297149658203
1790522374430198800,564.7811987304688,-15.90676498413086,1016.6303253173828
1790522375471233800,565.8222338867188,-15.922618865966797,1016.632080078125
1790522376512294000,566.8632939453125,-15.943758010864258,1016.6342926025391
1790522377553325000,567.9043249511719,-15.954326629638672,1016.6359710693359
1790522378594370800,568.9453708496094,-15.980749130249023,1016.6387939453125
1790522379635460900,569.9864609375,-16.044164657592773,1016.6464996337891
1790522380676524800,571.0275249023438,-16.11815071105957,1016.6553497314453
1790522381717598000,572.0685979003906,-16.16042709350586,1016.6608428955078
1790522382758627800,573.1096279296875,-16.170997619628906,1016.6618347167969
1790522383799707000,574.1507067871094,-16.170997619628906,1016.6618347167969
1790522384840776000,575.1917758789062,-16.1392879486084,1016.6578674316406
1790522385881864000,576.2328640136719,-16.070589065551758,1016.6500091552734
1790522386922946800,577.2739467773438,-16.038881301879883,1016.6458892822266
1790522387964025000,578.3150251464843,-15.975465774536133,1016.6384887695312
1790522389005095000,579.3560949707031,-15.880340576171875,1016.6268920898438
1790522390046125800,580.3971257324218,-15.790502548217773,1016.6157531738281
1790522391087189000,581.4381889648438,-15.674240112304688,1016.6019439697266
1790522392128204800,582.4792048339843,-15.579116821289062,1016.5909576416016
1790522393169232000,583.5202319335938,-15.478708267211914,1016.5782928466797
1790522394210261800,584.56126171875,-15.425863265991211,1016.572265625
1790522395251303000,585.6023029785156,-15.425863265991211,1016.5719604492188
1790522396292344800,586.6433447265625,-15.425863265991211,1016.5719604492188
1790522397333401900,587.6844018554688,-15.494562149047852,1016.5805053710938
1790522398374434000,588.7254340820313,-15.600255966186523,1016.5930938720703
1790522399415474000,589.7664738769531,-15.711233139038086,1016.6063690185547
1790522400456492000,590.8074919433594,-15.816925048828125,1016.6194152832031
1790522401497524000,591.8485239257813,-15.949041366577148,1016.6351318359375
1790522402538591700,592.889591796875,-16.05473518371582,1016.6478729248047
1790522403579677700,593.930677734375,-16.16042709350586,1016.6603851318359
1790522404620753000,594.9717529296875,-16.271404266357422,1016.6739654541016
1790522405661814000,596.0128139648438,-16.419374465942383,1016.6915130615234
1790522406702888000,597.0538879394531,-16.55677604675293,1016.7080688476562
1790522407743980000,598.0949799804688,-16.699460983276367,1016.7253875732422
1790522408785068000,599.1360681152344,-16.857999801635742,1016.7449188232422
1790522409826120000,600.1771198730469,-17.016538619995117,1016.7635345458984
1790522410867167000,601.2181669921875,-17.164508819580078,1016.7818450927734
1790522411908211000,602.2592109375,-17.291339874267578,1016.7967224121094
1790522412949246000,603.3002458496094,-17.4234561920166,1016.8125152587891
1790522413990322000,604.3413220214844,-17.52914810180664,1016.8252563476562
1790522415031370800,605.3823708496094,-17.640127182006836,1016.8386077880859
1790522416072397000,606.4233969726563,-17.73525047302246,1016.8505096435547
1790522417113500000,607.4645,-17.788095474243164,1016.856689453125
1790522418154574800,608.5055749511719,-17.819805145263672,1016.8602752685547
1790522419195635000,609.5466350097656,-17.830373764038086,1016.8618011474609
1790522420236651800,610.5876518554687,-17.830373764038086,1016.8618011474609
1790522421277675800,611.62867578125,-17.79866600036621,1016.8581390380859
1790522422318758000,612.6697578125,-17.79866600036621,1016.8577575683594
1790522423359789800,613.7107897949219,-17.788095474243164,1016.8569946289062
1790522424400810000,614.7518100585937,-17.77752685546875,1016.8553924560547
1790522425441816800,615.7928168945313,-17.75638771057129,1016.85302734375
1790522426482846000,616.8338459472657,-17.73525047302246,1016.8503570556641
1790522427523913000,617.8749128417969,-17.708826065063477,1016.8473815917969
1790522428564950000,618.9159499511719,-17.68768882751465,1016.8446350097656
1790522429606034000,619.9570339355469,-17.661264419555664,1016.8415832519531
1790522430647106000,620.9981059570313,-17.6242733001709,1016.8370819091797
1790522431688150800,622.0391508789063,-17.597848892211914,1016.8335723876953
1790522432729177900,623.080177734375,-17.5872802734375,1016.8321990966797
1790522433770236000,624.1212358398437,-17.571426391601562,1016.8304443359375
1790522434811298800,625.162298828125,-17.5502872467041,1016.8280029296875
1790522435852397000,626.2033969726563,-17.539718627929688,1016.8265533447266
1790522436893464800,627.24446484375,-17.513294219970703,1016.8236541748047
1790522437934541800,628.2855417480469,-17.476303100585938,1016.8193054199219
1790522438975647000,629.3266469726562,-17.476303100585938,1016.8193054199219
1790522440016750800,630.3677507324219,-17.481586456298828,1016.820068359375
1790522441057845800,631.408845703125,-17.513294219970703,1016.8232727050781
1790522442098901000,632.4499008789063,-17.5502872467041,1016.8282318115234
1790522443139957000,633.49095703125,-17.592565536499023,1016.8330383300781
1790522444180992000,634.5319919433593,-17.618988037109375,1016.8363952636719
1790522445222065000,635.5730649414063,-17.65069580078125,1016.8400573730469
1790522446263103000,636.6141030273437,-17.703542709350586,1016.8463134765625
1790522447304150800,637.6551508789063,-17.729965209960938,1016.8496704101562
1790522448345245000,638.6962448730469,-17.772241592407227,1016.8545532226562
1790522449386346000,639.7373459472657,-17.809234619140625,1016.8593597412109
1790522450427415800,640.7784157714843,-17.809234619140625,1016.8593597412109
1790522451468500700,641.8195007324218,-17.79866600036621,1016.85791015625
1790522452509611000,642.8606110839844,-17.788095474243164,1016.8563842773438
1790522453550729000,643.9017290039062,-17.772241592407227,1016.8547058105469
1790522454591821800,644.9428217773437,-17.745819091796875,1016.8514251708984
1790522455632949800,645.9839497070312,-17.714111328125,1016.8478393554688
1790522456674017000,647.0250170898438,-17.67183494567871,1016.8424987792969
1790522457715083000,648.0660830078125,-17.65069580078125,1016.8398284912109
1790522458756177000,649.1071770019531,-17.61370277404785,1016.8355560302734
1790522459797241900,650.1482419433594,-17.603134155273438,1016.8344116210938
1790522460838359800,651.1893598632812,-17.5872802734375,1016.832275390625
1790522461879447000,652.2304470214843,-17.5872802734375,1016.8321990966797
1790522462920521000,653.2715209960937,-17.56614112854004,1016.8296813964844
1790522463961638000,654.3126379394531,-17.5502872467041,1016.8282318115234
1790522465002772700,655.3537727050781,-17.534433364868164,1016.826171875
1790522466043902000,656.3949018554688,-17.508010864257812,1016.8226623535156
1790522467084951000,657.4359509277343,-17.492156982421875,1016.8210601806641
1790522468126015000,658.4770148925782,-17.471017837524414,1016.8186950683594
1790522469167133000,659.5181328125,-17.428741455078125,1016.8132019042969
1790522470208259800,660.559259765625,-17.386463165283203,1016.8080139160156
1790522471249368000,661.6003681640625,-17.386463165283203,1016.8080139160156
1790522472290454800,662.6414548339844,-17.386463165283203,1016.8080139160156
1790522473331606000,663.6826059570312,-17.386463165283203,1016.8084716796875
1790522474372723000,664.7237229003906,-17.4234561920166,1016.8125152587891
1790522475413865000,665.7648649902344,-17.471017837524414,1016.8187713623047
1790522476454964000,666.8059638671875,-17.50272560119629,1016.8224334716797
1790522477496078000,667.847078125,-17.52914810180664,1016.8256378173828
1790522478537213000,668.888212890625,-17.52914810180664,1016.8256378173828
1790522479578275000,669.9292751464844,-17.508010864257812,1016.8227386474609
1790522480619361000,670.9703610839844,-17.444595336914062,1016.8154144287109
1790522481660481000,672.0114809570313,-17.39703369140625,1016.8096160888672
1790522482701543000,673.05254296875,-17.33890151977539,1016.8022918701172
1790522483742651000,674.0936508789063,-17.25434684753418,1016.7923736572266
1790522484783733800,675.1347336425781,-17.21207046508789,1016.7873382568359
1790522485824819000,676.1758188476563,-17.164508819580078,1016.7816925048828
1790522486865919700,677.2169196777344,-17.10637855529785,1016.7746734619141
1790522487906987000,678.2579870605468,-17.037677764892578,1016.7662048339844
1790522488948079900,679.2990798339844,-17.005970001220703,1016.7623901367188
1790522489989200000,680.3401999511718,-16.96369171142578,1016.7574310302734
1790522491030289000,681.3812888183594,-16.931983947753906,1016.7534637451172
1790522492071424000,682.4224240722656,-16.91613006591797,1016.7519378662109
1790522493112555000,683.4635549316406,-16.91613006591797,1016.7514801025391
1790522494153668900,684.5046689453125,-16.889707565307617,1016.7485809326172
1790522495194788000,685.5457880859375,-16.868568420410156,1016.7459106445312
1790522496235870000,686.5868698730469,-16.863285064697266,1016.7452239990234
1790522497276916000,687.627916015625,-16.83686065673828,1016.7420959472656
1790522498317986000,688.6689860839844,-16.77344512939453,1016.7346954345703
1790522499359038000,689.7100378417969,-16.699460983276367,1016.7255401611328
1790522500400121900,690.7511218261719,-16.62019157409668,1016.7162322998047
1790522501441203000,691.7922028808593,-16.58319854736328,1016.7113494873047
1790522502482287900,692.8332878417968,-16.567344665527344,1016.7098236083984
1790522503523361000,693.8743610839844,-16.567344665527344,1016.7098236083984
1790522504564448800,694.9154487304687,-16.636045455932617,1016.7182159423828
1790522505605527800,695.9565278320313,-16.741737365722656,1016.7307281494141
1790522506646616800,696.9976169433594,-16.815723419189453,1016.739501953125
1790522507687668700,698.0386687011719,-16.90027618408203,1016.7494201660156
1790522508728784000,699.0797839355469,-16.984830856323242,1016.7597198486328
1790522509769860900,700.1208608398438,-17.12223243713379,1016.7765808105469
1790522510810910000,701.1619099121094,-17.259632110595703,1016.7930603027344
1790522511851942000,702.2029418945312,-17.27020263671875,1016.79443359375
1790522512893005800,703.244005859375,-17.27020263671875,1016.79443359375
1790522513934017800,704.2850178222657,-17.243778228759766,1016.7909240722656
1790522514975054000,705.3260541992188,-17.153940200805664,1016.7803955078125
1790522516016117800,706.3671176757813,-17.053531646728516,1016.7684936523438
1790522517057154000,707.4081540527344,-17.048246383666992,1016.7678833007812
1790522518098178800,708.4491787109375,-17.048246383666992,1016.7678833007812
1790522519139273000,709.4902729492187,-17.090524673461914,1016.7727661132812
1790522520180328000,710.5313278808594,-17.138086318969727,1016.7781829833984
1790522521221377800,711.5723776855468,-17.1697940826416,1016.7824554443359
1790522522262424800,712.6134248046875,-17.21207046508789,1016.7870330810547
1790522523303479000,713.6544790039062,-17.227924346923828,1016.7893218994141
1790522524344520700,714.6955207519532,-17.238492965698242,1016.7906951904297
1790522525385596000,715.7365959472656,-17.243778228759766,1016.7909240722656
1790522526426637000,716.7776369628906,-17.27020263671875,1016.7940521240234
1790522527467641900,717.8186418457032,-17.27020263671875,1016.79443359375
1790522528508682000,718.8596818847657,-17.27020263671875,1016.7942810058594
1790522529549742000,719.9007421875,-17.27020263671875,1016.7945098876953
1790522530590770000,720.9417700195313,-17.27020263671875,1016.7942810058594
1790522531631807000,721.9828068847656,-17.243778228759766,1016.7912292480469
1790522532672802000,723.0238020019531,-17.217355728149414,1016.7877960205078
1790522533713748000,724.064748046875,-17.1697940826416,1016.7823028564453
1790522534754721800,725.1057216796875,-17.153940200805664,1016.7805480957031
1790522535795688000,726.1466879882812,-17.138086318969727,1016.7783355712891
1790522536836685000,727.1876850585937,-17.079954147338867,1016.7713928222656
1790522537877707000,728.22870703125,-17.06410026550293,1016.7694854736328
1790522538918746000,729.26974609375,-17.048246383666992,1016.7674255371094
1790522539959785000,730.3107849121094,-17.011255264282227,1016.7631530761719
1790522541000866000,731.3518659667968,-16.984830856323242,1016.7597198486328
1790522542041905000,732.3929047851562,-16.974262237548828,1016.7588806152344
1790522543082930700,733.4339306640625,-16.968976974487305,1016.7579650878906
1790522544123929000,734.4749291992188,-16.95840835571289,1016.7568206787109
1790522545164896000,735.5158959960937,-16.953123092651367,1016.7561340332031
1790522546205849900,736.5568498535156,-16.953123092651367,1016.7561340332031
1790522547246872800,737.5978728027344,-16.974262237548828,1016.7588043212891
1790522548287935000,738.6389350585938,-16.984830856323242,1016.7596435546875
1790522549328962800,739.679962890625,-16.990116119384766,1016.7605590820312
1790522550369967000,740.7209670410156,-17.011255264282227,1016.7629241943359
1790522551410987000,741.7619870605469,-17.037677764892578,1016.7662048339844
1790522552452023000,742.8030229492188,-17.08523941040039,1016.7716979980469
1790522553493089000,743.8440891113281,-17.101093292236328,1016.773681640625
1790522554534145800,744.8851457519531,-17.14865493774414,1016.7797088623047
1790522555575192800,745.9261928710938,-17.222639083862305,1016.788330078125
1790522556616169000,746.9671689453126,-17.280771255493164,1016.795654296875
1790522557657143800,748.0081437988281,-17.344186782836914,1016.8033599853516
1790522558698154000,749.0491540527344,-17.428741455078125,1016.8133544921875
1790522559739165000,750.0901650390625,-17.492156982421875,1016.8211364746094
1790522560780126000,751.1311259765625,-17.56085777282715,1016.8294525146484
1790522561821079000,752.1720791015625,-17.645410537719727,1016.8394470214844
1790522562862054000,753.2130539550782,-17.73525047302246,1016.8502044677734
1790522563903020000,754.2540200195313,-17.867366790771484,1016.8660736083984
1790522564943997000,755.2949968261719,-17.957204818725586,1016.8768310546875
1790522565984961000,756.3359609375,-18.0047664642334,1016.8830108642578
1790522567025915000,757.3769147949218,-18.0047664642334,1016.8830108642578
1790522568066879000,758.41787890625,-18.0047664642334,1016.8827819824219
1790522569107847000,759.4588469238281,-17.909643173217773,1016.8714904785156
1790522570148820000,760.4998200683593,-17.825088500976562,1016.8608856201172
1790522571189771800,761.5407717285157,-17.708826065063477,1016.8470001220703
1790522572230728000,762.5817280273437,-17.592565536499023,1016.8331146240234
1790522573271690800,763.6226906738282,-17.52914810180664,1016.8254089355469
1790522574312592100,764.6635920410156,-17.492156982421875,1016.8208312988281
1790522575353567700,765.7045676269531,-17.492156982421875,1016.8208312988281
1790522576394552000,766.7455520019531,-17.513294219970703,1016.8232727050781
1790522577435540000,767.7865400390625,-17.576711654663086,1016.8309783935547
1790522578476565800,768.8275656738281,-17.576711654663086,1016.8309783935547
1790522579517578000,769.8685778808593,-17.56085777282715,1016.8296051025391
1790522580558602800,770.9096027832031,-17.56085777282715,1016.8296051025391
1790522581599635000,771.9506350097656,-17.56085777282715,1016.8296051025391
1790522582640647000,772.9916469726562,-17.581995010375977,1016.8318176269531
1790522583681680000,774.0326799316406,-17.60841941833496,1016.8353271484375
1790522584722678000,775.0736779785157,-17.69297218322754,1016.8454742431641
1790522585763660800,776.1146608886719,-17.703542709350586,1016.8466186523438
1790522586804639000,777.1556389160156,-17.708826065063477,1016.8470764160156
1790522587845627000,778.196626953125,-17.745819091796875,1016.8515777587891
1790522588886602800,779.2376027832031,-17.745819091796875,1016.8515777587891
1790522589927581000,780.2785808105468,-17.6771183013916,1016.8434906005859
1790522590968573000,781.3195729980469,-17.67183494567871,1016.8429565429688
1790522592009621000,782.36062109375,-17.6771183013916,1016.8434906005859
1790522593050642000,783.4016418457031,-17.714111328125,1016.8476867675781
1790522594091606000,784.4426059570312,-17.772241592407227,1016.8550109863281
1790522595132609800,785.4836098632812,-17.867366790771484,1016.8659973144531
1790522596173656800,786.5246567382812,-17.994197845458984,1016.8812561035156
1790522597214676000,787.5656760253906,-18.136882781982422,1016.8989562988281
